{
"flags":[],
"sections":["turns","gentle_slopes","steep_slopes","vertical_slopes","large_slope_transitions","diagonals","sloped_turns","banked_turns","banked_sloped_turns","s_bends","helices","barrel_rolls","quarter_loops","half_loops","corkscrews","brakes","boosters","launched_lifts"],
"sections_actual":["gentle_slopes","steep_slopes","vertical_slopes","large_slope_transitions","diagonals","quarter_loops"],
"z_offset":8,
"length":1,

"models":
	{
	"track":"tracks/disko/disko.obj",
	"brake":"tracks/disko/disko.obj",
	"block_brake":"tracks/disko/disko.obj",
	"mask":"tracks/disko/disko_mask.obj"
	},
"base_directory":"/home/edward/RCT2Prog/OpenRCT2/resources/g2/",
"sprite_directory":"track/rmc/",
"spritefile_in":"sprites_old.json",
"spritefile_out":"sprites.json"
}
